Type;Phrase;DIVINE_PERSONALIZATION Score;GODIN_PERMISSION Score;Risk_Average_USD;Loss_Potential_Min;Loss_Potential_Max;Sector_Attack_Rate;Annual_Protection_Cost;ROI_Potential;Detection_Time_Days;Fund_Recovery_Rate;Main_Angle
Hyper-personalized;"[Company Name]: Following [recent company news], how do you secure your $[X]M revenue against deepfakes specifically targeting the [sector] sector?";9/10;4.2/5;156250;118750;187500;44%;2437.50;6400%;14;22%;News+sector targeting
Direct privileged target;"[Company] checks all the boxes that fraudsters look for: $[estimated revenue] revenue, [headcount] employees, [sector] sector. You're not a random company - you're A TARGET. Would you accept 15 minutes to understand why?";8/10;4.8/5;218750;118750;312500;64%;4875;4500%;14;22%;Company = perfect target
Informed generic;"As a leader of a [SME/mid-market] company in [sector], do you know that your profile matches exactly the preferred targets of AI fraudsters? May I show you the statistics for your segment?";7/10;4.6/5;218750;118750;312500;64%;4875;4500%;14;22%;Privileged target profile
Digital footprint based;"Your LinkedIn presence shows [X] employees at [Company]. This visibility facilitates social engineering attacks. Would you accept an audit of your digital exposure?";8/10;4.4/5;187500;62500;250000;52%;3656.25;5100%;14;22%;Digital target exposure
Personalized ROI;"[CFO Name], for a company generating $[estimated revenue], a fraud represents $[revenue/50] of potential loss. At $243.75/user, our protection costs [calculation] - that's [ROI%]% return in the first year. Does this calculation interest you?";9/10;4.0/5;250000;125000;475000;32%;4875;5100%;14;22%;ROI vs risk
CFO privileged target;"[CFO Name], your signature is worth $[average wire estimate] per validation. Criminals know your operational pressure and exploit your fiduciary stress. The risk is low (22% over 5 years) but the impact destroys your career. Would you accept 15 minutes to secure YOUR validations without training anyone else?";9/10;4.0/5;375000;187500;625000;22%;7312.50;5100%;3;22%;CFO = target #1 + rare risk/strong impact
Generic financial CFO;"As guardian of the treasury, how do you balance transaction security and operational fluidity? May I show you how to resolve this CFO-specific dilemma?";6/10;4.8/5;156250;62500;250000;32%;2437.50;6400%;14;22%;CFO dilemma
Personalized operational stress;"With [X estimated wires/month], you validate approximately [calculation] sensitive transactions monthly. A single validation error can represent $[amount]. Would you accept to see how to automate this verification?";8/10;4.2/5;375000;187500;625000;63%;7312.50;5100%;3;22%;Transaction volume
Technical stack;"Your [detected/estimated ERP] infrastructure requires frictionless integration. Sealfie interfaces natively with [compatible systems]. Would you like to see the integration architecture specific to your environment?";8/10;4.2/5;218750;118750;312500;52%;4875;4500%;14;22%;Simple integration
Generic technical;"Facing undetectable deepfakes, how do you evaluate the effectiveness of your current MFA? May I present our multi-source approach that exceeds current technological limits?";6/10;4.4/5;156250;62500;250000;52%;2437.50;6400%;14;22%;Current tech limits
Sector statistics;"The [sector] sector represents [%] of BEC fraud in the US. [Company] with $[revenue] is in the maximum risk bracket. Would you like to receive the complete analysis of your segment?";9/10;4.6/5;475000;312500;625000;44%;12187.50;3900%;14;22%;Statistical red zone
Generic awareness;"88% of companies your size have experienced a CEO fraud attempt. Rather than learning to recognize all possible attacks, wouldn't you prefer a reliable process? May I send you our simplification guide?";6/10;4.8/5;187500;118750;250000;88%;3656.25;5100%;14;22%;Simplicity vs training
Simplified adoption;"Unlike cybersecurity training that takes hours and trains everyone, our protection targets only YOUR critical validations. 0 training required, 0 user resistance, just ONE additional validation that protects you COMPLETELY. Would you like to see how to protect [Company] in 48h without training?";7/10;4.6/5;156250;62500;250000;64%;2437.50;6400%;14;22%;0 training vs massive training
Specific business benefits;"For [Company], Sealfie provides: elimination of [identified problem], gain of [calculated time], compliance [sector regulation]. Which of these benefits resonates most with your current priorities?";9/10;4.4/5;250000;125000;475000;32%;4875;5100%;14;22%;Custom benefits
Generic benefits;"Cybersecurity shouldn't be a daily burden. Would you accept to see how Sealfie transforms this constraint into a simple 2-second gesture?";5/10;4.2/5;156250;62500;250000;64%;2437.50;6400%;14;22%;2-second simplicity
Sector peers;"Other [title] in [sector] have adopted Sealfie and observe [measured benefit]. [Anonymized competitor name] reduced their validations from [time] to [time]. Would you like to connect with a peer in your sector?";9/10;4.6/5;312500;187500;475000;32%;7312.50;4300%;14;22%;Peer validation
Generic social;"500+ vigilant companies trust us to secure their treasury. This massive adoption proves the fit between our solution and real needs. Would you like to see why your peers choose us?";6/10;4.2/5;187500;118750;250000;64%;3656.25;5100%;14;22%;Massive social proof
Specific configuration;"For [Company]: [X] users, [Y] transactions/month, deployment [custom timeline]. Total investment: [calculation] vs eliminated risk: [estimate]. Does this plan suit you for planning implementation?";10/10;4.0/5;625000;312500;1250000;44%;24375;2600%;3;22%;Complete custom plan
Generic decision;"Implementation in 20 minutes, $243.75/user/year, immediate protection. Would you be ready to plan your deployment this week?";4/10;3.6/5;156250;62500;250000;64%;2437.50;6400%;14;22%;Deployment speed
Personalized audit;"Would you accept a free audit of vulnerabilities specific to [Company]? Our analysis will focus on [identified exposure points] and you'll receive a confidential report with no commitment.";8/10;4.6/5;218750;118750;312500;52%;4875;4500%;14;22%;Custom audit
Generic info;"May I send you our guide on new deepfake threats specific to your sector?";5/10;4.2/5;156250;62500;250000;52%;2437.50;6400%;14;22%;Targeted sector info
Adapted demo;"Would you be open to a 15-minute demonstration using a use case similar to [Company]? I'll prepare a scenario based on [identified process] to maximize relevance.";9/10;4.8/5;250000;125000;475000;32%;4875;5100%;14;22%;Custom demo
Generic engagement;"Would you accept a 15-minute demonstration adapted to CFO-specific challenges?";6/10;4.4/5;156250;62500;250000;32%;2437.50;6400%;14;22%;CFO focus
Custom implementation;"Implementation timeline for [Company]: Day 1-5 configuration, Day 6-10 training [X] users, Day 11-15 gradual deployment. Are your [identified period] constraints compatible with this schedule?";10/10;4.2/5;625000;312500;1250000;44%;24375;2600%;3;22%;Personalized planning
Specific red zone risk;"The [sector] sector suffers [recent statistic] additional attacks vs average. [Recent competitor] lost $[amount] last month. [Company] with [risk profile] is in the statistical red zone. Would you accept an assessment of your exposure?";9/10;3.8/5;475000;312500;625000;123%;12187.50;3900%;14;22%;Factual red zone
Generic FBI urgency;"CEO fraud attacks increased 300% this year according to the FBI. Is your sector among the most affected? May I send you the official statistics?";6/10;4.2/5;187500;118750;250000;300%;3656.25;5100%;14;22%;Official source urgency
Personalized calculated impact;"For [Company]: loss risk $[amount based on revenue], protection cost [precise calculation], ROI [%] from the first incident avoided. Does this equation justify immediate action?";9/10;3.6/5;375000;187500;730750;64%;7312.50;5100%;14;22%;Precise risk equation
Generic financial ROI;"Investing $243.75/user/year to eliminate a million-dollar risk isn't an expense - it's enlightened risk management. Does this logic seem obvious to you?";5/10;3.8/5;156250;62500;250000;64%;2437.50;6400%;14;22%;Obvious ROI logic
Specific compliance;"[Company] being subject to [sector regulation], our validation attestations strengthen your [specific standard] compliance. Does this compliance dimension particularly interest you?";8/10;4.4/5;218750;118750;312500;18%;4875;4500%;14;22%;Enhanced compliance
Generic US GDPR;"In accordance with data protection regulations and your right to data privacy, we never transmit your information to third parties. With this confidentiality guaranteed, would you accept our personalized analysis?";6/10;4.8/5;156250;62500;250000;64%;2437.50;6400%;14;22%;GDPR trust
Geographic proximity;"Our [region] team knows the specificities of [sector] companies in your economic area. [Local reference] is among our clients. Would this geographic proximity facilitate our exchanges?";8/10;4.2/5;218750;118750;312500;32%;4875;4500%;14;22%;Local proximity
CFO career urgency;"[CFO Name], fraud destroys 15 years of career: 89% of victim CFOs change positions within 18 months, 67% accept -30% salary. You're betting $[risk amount] and your reputation against $[protection cost] investment. Your choice, your responsibility, your career.";9/10;3.4/5;375000;187500;625000;89%;7312.50;5100%;14;22%;Personal career impact
Hierarchy adoption simplicity;"You know you need to protect yourself. The problem? Getting your teams to adopt it. Solution: [calculation]% ROI from the 1st incident, [ERP] integration in 20 min, 0 training. Even your 60-year-old accountant can do it. Would you like to see how to protect [Company] in 48h without resistance?";8/10;4.4/5;250000;125000;375000;32%;4875;5100%;14;22%;Adoption without resistance
Targeted protection vs mass training;"22% risk over 5 years for YOU specifically. Unlike cyber training that trains 100 people for hours, we protect only YOUR critical validations. Simple QR scan = total protection. Would you accept 15 minutes to secure your signature without training the company?";8/10;4.2/5;218750;118750;312500;22%;4875;4500%;14;22%;CFO targeting vs global training
Validation vs detection;"We validate when you need it, detection does not cut it anymore. With deepfakes evolving weekly, let's stop trying to detect everything - validate your critical transactions directly. Would you like to see this revolutionary approach?";9/10;4.6/5;250000;125000;375000;32%;4875;5100%;14;22%;Direct validation vs detection